code,name,hierarchy_level,hierarchy_level_name,parent_loc_code,lang_code,is_active,cr_by,cr_dtimes
TG,TOGO,0,PAYS,,fra,TRUE,superadmin,now()
1,SAVANES,1,REGION,TG,fra,TRUE,superadmin,now()
2,KARA,1,REGION,TG,fra,TRUE,superadmin,now()
3,CENTRALE,1,REGION,TG,fra,TRUE,superadmin,now()
4,PLATEAUX,1,REGION,TG,fra,TRUE,superadmin,now()
5,MARITIME,1,REGION,TG,fra,TRUE,superadmin,now()
6,CINKASSÉ,2,PREFECTURE,1,fra,TRUE,superadmin,now()
7,KPENDJAL,2,PREFECTURE,1,fra,TRUE,superadmin,now()
8,KPENDJAL-OUEST NAKI-EST,2,PREFECTURE,1,fra,TRUE,superadmin,now()
9,OTI MANGO,2,PREFECTURE,1,fra,TRUE,superadmin,now()
10,OTI-SUD GANDO,2,PREFECTURE,1,fra,TRUE,superadmin,now()
11,TANDJOUARÉ,2,PREFECTURE,1,fra,TRUE,superadmin,now()
12,TÔNE,2,PREFECTURE,1,fra,TRUE,superadmin,now()
13,ASSOLI,2,PREFECTURE,2,fra,TRUE,superadmin,now()
14,BASSAR,2,PREFECTURE,2,fra,TRUE,superadmin,now()
15,BINAH,2,PREFECTURE,2,fra,TRUE,superadmin,now()
16,DANKPEN,2,PREFECTURE,2,fra,TRUE,superadmin,now()
17,DOUFELGOU,2,PREFECTURE,2,fra,TRUE,superadmin,now()
18,KÉRAN,2,PREFECTURE,2,fra,TRUE,superadmin,now()
19,KOZAH,2,PREFECTURE,2,fra,TRUE,superadmin,now()
20,BLITTA,2,PREFECTURE,3,fra,TRUE,superadmin,now()
21,SOTOUBOUA,2,PREFECTURE,3,fra,TRUE,superadmin,now()
22,TCHAMBA,2,PREFECTURE,3,fra,TRUE,superadmin,now()
23,TCHAOUDJO,2,PREFECTURE,3,fra,TRUE,superadmin,now()
24,MÔ,2,PREFECTURE,3,fra,TRUE,superadmin,now()
25,AGOU,2,PREFECTURE,4,fra,TRUE,superadmin,now()
26,AKÉBOU,2,PREFECTURE,4,fra,TRUE,superadmin,now()
27,AMOU,2,PREFECTURE,4,fra,TRUE,superadmin,now()
28,ANIÉ,2,PREFECTURE,4,fra,TRUE,superadmin,now()
29,DANYI,2,PREFECTURE,4,fra,TRUE,superadmin,now()
30,HAHO,2,PREFECTURE,4,fra,TRUE,superadmin,now()
31,KLOTO,2,PREFECTURE,4,fra,TRUE,superadmin,now()
32,KPÉLÉ,2,PREFECTURE,4,fra,TRUE,superadmin,now()
33,MOYEN-MONO,2,PREFECTURE,4,fra,TRUE,superadmin,now()
34,OGOU,2,PREFECTURE,4,fra,TRUE,superadmin,now()
35,WAWA,2,PREFECTURE,4,fra,TRUE,superadmin,now()
36,AGOUÈ-NYIVÉ,2,PREFECTURE,5,fra,TRUE,superadmin,now()
37,AVÉ,2,PREFECTURE,5,fra,TRUE,superadmin,now()
38,BAS-MONO,2,PREFECTURE,5,fra,TRUE,superadmin,now()
39,GOLFE,2,PREFECTURE,5,fra,TRUE,superadmin,now()
40,LACS,2,PREFECTURE,5,fra,TRUE,superadmin,now()
41,VO,2,PREFECTURE,5,fra,TRUE,superadmin,now()
42,YOTO,2,PREFECTURE,5,fra,TRUE,superadmin,now()
43,ZIO,2,PREFECTURE,5,fra,TRUE,superadmin,now()
44,EST-MONO,2,PREFECTURE,4,fra,TRUE,superadmin,now()
45,CINKASSÉ,3,TOWN,6,fra,TRUE,superadmin,now()
46,BOADÉ,3,TOWN,6,fra,TRUE,superadmin,now()
47,NOAGA,3,TOWN,6,fra,TRUE,superadmin,now()
48,GOULOUNGOUSSI ,3,TOWN,6,fra,TRUE,superadmin,now()
49,TIMBOU,3,TOWN,6,fra,TRUE,superadmin,now()
50,SAM-NABA,3,TOWN,6,fra,TRUE,superadmin,now()
51,NADJOUNDI,3,TOWN,6,fra,TRUE,superadmin,now()
52,BIANKOURI,3,TOWN,6,fra,TRUE,superadmin,now()
53,DAPAONG,3,TOWN,12,fra,TRUE,superadmin,now()
54,TOAGA,3,TOWN,12,fra,TRUE,superadmin,now()
55,PANA,3,TOWN,12,fra,TRUE,superadmin,now()
56,BIDJENGA,3,TOWN,12,fra,TRUE,superadmin,now()
57,KOURIENTRE,3,TOWN,12,fra,TRUE,superadmin,now()
58,POISSONGUI,3,TOWN,12,fra,TRUE,superadmin,now()
59,NATIGOU,3,TOWN,12,fra,TRUE,superadmin,now()
60,NAKI-OUEST,3,TOWN,12,fra,TRUE,superadmin,now()
61,NAMARÉ,3,TOWN,12,fra,TRUE,superadmin,now()
62,NANERGOU,3,TOWN,12,fra,TRUE,superadmin,now()
63,TAMI,3,TOWN,12,fra,TRUE,superadmin,now()
64,NIOUKPOURMA,3,TOWN,12,fra,TRUE,superadmin,now()
65,LOTOGOU,3,TOWN,12,fra,TRUE,superadmin,now()
66,WARKAMBOU,3,TOWN,12,fra,TRUE,superadmin,now()
67,KORBONGOU,3,TOWN,12,fra,TRUE,superadmin,now()
68,SANFATOUTE,3,TOWN,12,fra,TRUE,superadmin,now()
69,LOUANGA,3,TOWN,12,fra,TRUE,superadmin,now()
70,KATINDI,3,TOWN,12,fra,TRUE,superadmin,now()
71,MANDOURI,3,TOWN,7,fra,TRUE,superadmin,now()
72,KOUNDJOARÉ,3,TOWN,7,fra,TRUE,superadmin,now()
73,TAMBIGOU,3,TOWN,7,fra,TRUE,superadmin,now()
74,KPENDJAL,3,TOWN,7,fra,TRUE,superadmin,now()
75,BORGOU ,3,TOWN,7,fra,TRUE,superadmin,now()
76,NAKI-EST,3,TOWN,8,fra,TRUE,superadmin,now()
77,OGARO,3,TOWN,8,fra,TRUE,superadmin,now()
78,NAYÉGA,3,TOWN,8,fra,TRUE,superadmin,now()
79,POGNO,3,TOWN,8,fra,TRUE,superadmin,now()
80,NAMOUNDJOGA,3,TOWN,8,fra,TRUE,superadmin,now()
81,TAMBONGA,3,TOWN,8,fra,TRUE,superadmin,now()
82,PAPRI,3,TOWN,8,fra,TRUE,superadmin,now()
83,MANGO,3,TOWN,9,fra,TRUE,superadmin,now()
84,SADORI,3,TOWN,9,fra,TRUE,superadmin,now()
85,FARÉ,3,TOWN,9,fra,TRUE,superadmin,now()
86,BARKOISSI,3,TOWN,9,fra,TRUE,superadmin,now()
87,NAGBÉNI,3,TOWN,9,fra,TRUE,superadmin,now()
88,LOKO,3,TOWN,9,fra,TRUE,superadmin,now()
89,GALANGASHIE,3,TOWN,9,fra,TRUE,superadmin,now()
90,TCHANAGA,3,TOWN,9,fra,TRUE,superadmin,now()
91,GANDO,3,TOWN,10,fra,TRUE,superadmin,now()
92,MOGOU,3,TOWN,10,fra,TRUE,superadmin,now()
93,SAGBIEBOU,3,TOWN,10,fra,TRUE,superadmin,now()
94,TCHAMONGA,3,TOWN,10,fra,TRUE,superadmin,now()
95,TAKPAMBA,3,TOWN,10,fra,TRUE,superadmin,now()
96,NALI,3,TOWN,10,fra,TRUE,superadmin,now()
97,KOUMONGOU,3,TOWN,10,fra,TRUE,superadmin,now()
98,KOUNTOARÉ,3,TOWN,10,fra,TRUE,superadmin,now()
99,BOGOU,3,TOWN,11,fra,TRUE,superadmin,now()
100,PLIGOU,3,TOWN,11,fra,TRUE,superadmin,now()
101,BOULOGOU,3,TOWN,11,fra,TRUE,superadmin,now()
102,NANDOGA,3,TOWN,11,fra,TRUE,superadmin,now()
103,BOMBOUAKA,3,TOWN,11,fra,TRUE,superadmin,now()
104,GOUNDOGA,3,TOWN,11,fra,TRUE,superadmin,now()
105,TAMONGUE,3,TOWN,11,fra,TRUE,superadmin,now()
106,TANDJOARÉ,3,TOWN,11,fra,TRUE,superadmin,now()
107,NANO,3,TOWN,11,fra,TRUE,superadmin,now()
108,SISSIAK,3,TOWN,11,fra,TRUE,superadmin,now()
109,BAGOU,3,TOWN,11,fra,TRUE,superadmin,now()
110,TAMPIALIME,3,TOWN,11,fra,TRUE,superadmin,now()
111,MAMPROUG,3,TOWN,11,fra,TRUE,superadmin,now()
112,DOUKPERGOU,3,TOWN,11,fra,TRUE,superadmin,now()
113,LOKPANOU,3,TOWN,11,fra,TRUE,superadmin,now()
114,SANGOU,3,TOWN,11,fra,TRUE,superadmin,now()
115,KANTÈ,3,TOWN,18,fra,TRUE,superadmin,now()
116,PESSIDÈ,3,TOWN,18,fra,TRUE,superadmin,now()
117,AKPONTÈ,3,TOWN,18,fra,TRUE,superadmin,now()
118,ATALOTÉ,3,TOWN,18,fra,TRUE,superadmin,now()
119,OSSACRÉ,3,TOWN,18,fra,TRUE,superadmin,now()
120,HÉLOTA,3,TOWN,18,fra,TRUE,superadmin,now()
121,NADOBA,3,TOWN,18,fra,TRUE,superadmin,now()
122,WARENGO,3,TOWN,18,fra,TRUE,superadmin,now()
123,KOUTOUGOU,3,TOWN,18,fra,TRUE,superadmin,now()
124,BASSAR,3,TOWN,14,fra,TRUE,superadmin,now()
125,KALANGA,3,TOWN,14,fra,TRUE,superadmin,now()
126,BAGHAN,3,TOWN,14,fra,TRUE,superadmin,now()
127,BANDJELI,3,TOWN,14,fra,TRUE,superadmin,now()
128,DIMOURI,3,TOWN,14,fra,TRUE,superadmin,now()
129,BITCHABE,3,TOWN,14,fra,TRUE,superadmin,now()
130,KABOU,3,TOWN,14,fra,TRUE,superadmin,now()
131,MANGA,3,TOWN,14,fra,TRUE,superadmin,now()
132,SANDA-KAGBANDA,3,TOWN,14,fra,TRUE,superadmin,now()
133,SANDA-AFOWOU,3,TOWN,14,fra,TRUE,superadmin,now()
134,GUERIN-KOUKA,3,TOWN,16,fra,TRUE,superadmin,now()
135,NAMPOCH,3,TOWN,16,fra,TRUE,superadmin,now()
136,KATCHAMBA,3,TOWN,16,fra,TRUE,superadmin,now()
137,KOULFEIKOU,3,TOWN,16,fra,TRUE,superadmin,now()
138,NAMON,3,TOWN,16,fra,TRUE,superadmin,now()
139,NATCHITIKPI,3,TOWN,16,fra,TRUE,superadmin,now()
140,KITCHITCHÉOU,3,TOWN,16,fra,TRUE,superadmin,now()
141,,NATCHIBORÉ,3,TOWN,16,fra,TRUE,superadmin,now()
142,BAPURÉ,3,TOWN,16,fra,TRUE,superadmin,now()
143,NAWARÉ,3,TOWN,16,fra,TRUE,superadmin,now()
144,NADOUTA,3,TOWN,16,fra,TRUE,superadmin,now()
145,KIDJABOU,3,TOWN,16,fra,TRUE,superadmin,now()
146,LAMA,3,TOWN,19,fra,TRUE,superadmin,now()
147,LASSA,3,TOWN,19,fra,TRUE,superadmin,now()
148,SOUMDINA,3,TOWN,19,fra,TRUE,superadmin,now()
149,LANDA,3,TOWN,19,fra,TRUE,superadmin,now()
150,PYA,3,TOWN,19,fra,TRUE,superadmin,now()
151,BOHOU,3,TOWN,19,fra,TRUE,superadmin,now()
152,YADÈ,3,TOWN,19,fra,TRUE,superadmin,now()
153,TCHITCHAO,3,TOWN,19,fra,TRUE,superadmin,now()
154,SARAKAWA,3,TOWN,19,fra,TRUE,superadmin,now()
155,TCHARÈ,3,TOWN,19,fra,TRUE,superadmin,now()
156,KOUMÉA,3,TOWN,19,fra,TRUE,superadmin,now()
157,AWANDJELO,3,TOWN,19,fra,TRUE,superadmin,now()
158,LANDA-KPINZINDÈ,3,TOWN,19,fra,TRUE,superadmin,now()
159,ATCHANGBADÈ,3,TOWN,19,fra,TRUE,superadmin,now()
160,DJAMDÈ,3,TOWN,19,fra,TRUE,superadmin,now()
161,PAGOUDA,3,TOWN,15,fra,TRUE,superadmin,now()
162,SOLLA,3,TOWN,15,fra,TRUE,superadmin,now()
163,BOUFALÉ,3,TOWN,15,fra,TRUE,superadmin,now()
164,PESSARÉ,3,TOWN,15,fra,TRUE,superadmin,now()
165,PITIKITA,3,TOWN,15,fra,TRUE,superadmin,now()
166,LAMA-DESSI,3,TOWN,15,fra,TRUE,superadmin,now()
167,KÉTAO,3,TOWN,15,fra,TRUE,superadmin,now()
168,KÉMÉRIDA,3,TOWN,15,fra,TRUE,superadmin,now()
169,SIRKA,3,TOWN,15,fra,TRUE,superadmin,now()
170,NIAMTOUGOU,3,TOWN,17,fra,TRUE,superadmin,now()
171,SIOU,3,TOWN,17,fra,TRUE,superadmin,now()
172,POUDA,3,TOWN,17,fra,TRUE,superadmin,now()
173,BAGA,3,TOWN,17,fra,TRUE,superadmin,now()
174,MASSÉDÉNA,3,TOWN,17,fra,TRUE,superadmin,now()
175,KOKA,3,TOWN,17,fra,TRUE,superadmin,now()
176,AGBANDÈ-YAKA,3,TOWN,17,fra,TRUE,superadmin,now()
177,TÉNÉGA,3,TOWN,17,fra,TRUE,superadmin,now()
178,DÉFALÉ,3,TOWN,17,fra,TRUE,superadmin,now()
179,KPAHA,3,TOWN,17,fra,TRUE,superadmin,now()
180,ALLOUM,3,TOWN,17,fra,TRUE,superadmin,now()
181,TCHORÉ,3,TOWN,17,fra,TRUE,superadmin,now()
182,KADJALA,3,TOWN,17,fra,TRUE,superadmin,now()
183,LÉON,3,TOWN,17,fra,TRUE,superadmin,now()
184,BAFILO,3,TOWN,13,fra,TRUE,superadmin,now()
185,DAKO,3,TOWN,13,fra,TRUE,superadmin,now()
186,BOULADÈ,3,TOWN,13,fra,TRUE,superadmin,now()
187,ALÉDJO,3,TOWN,13,fra,TRUE,superadmin,now()
188,KOUMONDÈ,3,TOWN,13,fra,TRUE,superadmin,now()
189,SOUDOU,3,TOWN,13,fra,TRUE,superadmin,now()
190,SOKODÈ (KOMAH),3,TOWN,23,fra,TRUE,superadmin,now()
191,KPANGALAM,3,TOWN,23,fra,TRUE,superadmin,now()
192,KADAMBARA,3,TOWN,23,fra,TRUE,superadmin,now()
193,TCHALO,3,TOWN,23,fra,TRUE,superadmin,now()
194,KPARATAOU,3,TOWN,23,fra,TRUE,superadmin,now()
195,LAMA-TESSI,3,TOWN,23,fra,TRUE,superadmin,now()
196,ALÉHÉRIDÈ,3,TOWN,23,fra,TRUE,superadmin,now()
197,KÉMÉNI,3,TOWN,23,fra,TRUE,superadmin,now()
198,KOLINA,3,TOWN,23,fra,TRUE,superadmin,now()
199,AMAIDÈ,3,TOWN,23,fra,TRUE,superadmin,now()
200,AGOULOUDÈ,3,TOWN,23,fra,TRUE,superadmin,now()
201,WASSARABOU,3,TOWN,23,fra,TRUE,superadmin,now()
202,KPASSOUADÈ,3,TOWN,23,fra,TRUE,superadmin,now()
203,SOTOUBOUA,3,TOWN,21,fra,TRUE,superadmin,now()
204,TABINDÈ,3,TOWN,21,fra,TRUE,superadmin,now()
205,KANIAMBOUA,3,TOWN,21,fra,TRUE,superadmin,now()
206,ADJENGRÉ,3,TOWN,21,fra,TRUE,superadmin,now()
207,AOUDA,3,TOWN,21,fra,TRUE,superadmin,now()
208,FAZAO,3,TOWN,21,fra,TRUE,superadmin,now()
209,TITIGBÉ,3,TOWN,21,fra,TRUE,superadmin,now()
210,SÉSSARO,3,TOWN,21,fra,TRUE,superadmin,now()
211,TCHÉBÉBÉ,3,TOWN,21,fra,TRUE,superadmin,now()
212,BODJONDÈ,3,TOWN,21,fra,TRUE,superadmin,now()
213,KAZABOUA,3,TOWN,21,fra,TRUE,superadmin,now()
214,DJARKPANGA,3,TOWN,24,fra,TRUE,superadmin,now()
215,BOULOHOU,3,TOWN,24,fra,TRUE,superadmin,now()
216,KAGNINGBARA,3,TOWN,24,fra,TRUE,superadmin,now()
217,TINDJASSI,3,TOWN,24,fra,TRUE,superadmin,now()
218,SAÏBOUDÈ,3,TOWN,24,fra,TRUE,superadmin,now()
219,TCHAMBA,3,TOWN,22,fra,TRUE,superadmin,now()
220,AFFEM,3,TOWN,22,fra,TRUE,superadmin,now()
221,LARINI,3,TOWN,22,fra,TRUE,superadmin,now()
222,ADJÉIDÈ,3,TOWN,22,fra,TRUE,superadmin,now()
223,ALIBI,3,TOWN,22,fra,TRUE,superadmin,now()
224,KOUSSOUNTOU,3,TOWN,22,fra,TRUE,superadmin,now()
225,BAGO,3,TOWN,22,fra,TRUE,superadmin,now()
226,KABOLI,3,TOWN,22,fra,TRUE,superadmin,now()
227,GOUBI,3,TOWN,22,fra,TRUE,superadmin,now()
228,BALANKA,3,TOWN,22,fra,TRUE,superadmin,now()
229,BLITTA-GARE,3,TOWN,20,fra,TRUE,superadmin,now()
230,PAGALA-GARE,3,TOWN,20,fra,TRUE,superadmin,now()
231,WARAGNI,3,TOWN,20,fra,TRUE,superadmin,now()
232,DOUFOULI,3,TOWN,20,fra,TRUE,superadmin,now()
233,BLITTA-VILLAGE,3,TOWN,20,fra,TRUE,superadmin,now()
234,TCHALOUDÈ,3,TOWN,20,fra,TRUE,superadmin,now()
235,YALOUMBÈ,3,TOWN,20,fra,TRUE,superadmin,now()
236,AGBANDI,3,TOWN,20,fra,TRUE,superadmin,now()
237,LANGABOU,3,TOWN,20,fra,TRUE,superadmin,now()
238,KOFFITI,3,TOWN,20,fra,TRUE,superadmin,now()
239,TCHARÈ-BAOU,3,TOWN,20,fra,TRUE,superadmin,now()
240,M’POTI,3,TOWN,20,fra,TRUE,superadmin,now()
241,TINTCHRO,3,TOWN,20,fra,TRUE,superadmin,now()
242,ATCHINTSÈ,3,TOWN,20,fra,TRUE,superadmin,now()
243,DIGUENGUÉ,3,TOWN,20,fra,TRUE,superadmin,now()
244,YÉGUÉ,3,TOWN,20,fra,TRUE,superadmin,now()
245,TCHIFAMA,3,TOWN,20,fra,TRUE,superadmin,now()
246,DIKPÉLÉOU,3,TOWN,20,fra,TRUE,superadmin,now()
247,KATCHENKÈ,3,TOWN,20,fra,TRUE,superadmin,now()
248,PAGALA-VILLAGE,3,TOWN,20,fra,TRUE,superadmin,now()
249,WELLY,3,TOWN,20,fra,TRUE,superadmin,now()
250,ANIÉ,3,TOWN,28,fra,TRUE,superadmin,now()
251,KOLO-KOPÉ,3,TOWN,28,fra,TRUE,superadmin,now()
252,PALAKOKO,3,TOWN,28,fra,TRUE,superadmin,now()
253,ADOGBÉNOU,3,TOWN,28,fra,TRUE,superadmin,now()
254,GLITTO,3,TOWN,28,fra,TRUE,superadmin,now()
255,ATCHINÉDJI,3,TOWN,28,fra,TRUE,superadmin,now()
256,ELAVAGNON,3,TOWN,44,fra,TRUE,superadmin,now()
257,GBADJAHÈ,3,TOWN,44,fra,TRUE,superadmin,now()
258,MORÉTAN,3,TOWN,44,fra,TRUE,superadmin,now()
259,KAMINA,3,TOWN,44,fra,TRUE,superadmin,now()
260,BADIN-COPÉ,3,TOWN,44,fra,TRUE,superadmin,now()
261,NYAMASSILA,3,TOWN,44,fra,TRUE,superadmin,now()
262,KPÉSSI,3,TOWN,44,fra,TRUE,superadmin,now()
263,TOHOUN,3,TOWN,33,fra,TRUE,superadmin,now()
264,TADO,3,TOWN,33,fra,TRUE,superadmin,now()
265,AHASSOMÈ,3,TOWN,33,fra,TRUE,superadmin,now()
266,KPÉKPLÉMÉ,3,TOWN,33,fra,TRUE,superadmin,now()
267,SALIGBÉ,3,TOWN,33,fra,TRUE,superadmin,now()
268,KATOMÉ,3,TOWN,33,fra,TRUE,superadmin,now()
269,AGOU-TAVIÉ,3,TOWN,25,fra,TRUE,superadmin,now()
270,GADJA,3,TOWN,25,fra,TRUE,superadmin,now()
271,KATI,3,TOWN,25,fra,TRUE,superadmin,now()
272,AGOU-IBOÉ,3,TOWN,25,fra,TRUE,superadmin,now()
273,AGOU-AKPLOLO,3,TOWN,25,fra,TRUE,superadmin,now()
274,AGOU-KÉBO,3,TOWN,25,fra,TRUE,superadmin,now()
275,AGOU-ATIGBÉ,3,TOWN,25,fra,TRUE,superadmin,now()
276,AGOU-NYOGBO,3,TOWN,25,fra,TRUE,superadmin,now()
277,AGOU-NYOGBO-AGBÉTIKO,3,TOWN,25,fra,TRUE,superadmin,now()
278,ASSAHOUN-FIAGBÉ,3,TOWN,25,fra,TRUE,superadmin,now()
279,KLONOU,3,TOWN,25,fra,TRUE,superadmin,now()
280,AGOU-GADZÉPÉ,3,TOWN,25,fra,TRUE,superadmin,now()
281,AMOUSSOUKOPÉ,3,TOWN,25,fra,TRUE,superadmin,now()
282,AGOTIMÉ-SUD (ADZAKPA),3,TOWN,25,fra,TRUE,superadmin,now()
283,AGOTIMÉ-NORD,3,TOWN,25,fra,TRUE,superadmin,now()
284,DANYI-ATTIGBA,3,TOWN,29,fra,TRUE,superadmin,now()
285,DANYI-KAKPA,3,TOWN,29,fra,TRUE,superadmin,now()
286,YIKPA,3,TOWN,29,fra,TRUE,superadmin,now()
287,DANYI-APÉYÉMÉ,3,TOWN,29,fra,TRUE,superadmin,now()
288,DANYI-ELAVAGNO,3,TOWN,29,fra,TRUE,superadmin,now()
289,DANYI-KPETO-EVITA,3,TOWN,29,fra,TRUE,superadmin,now()
290,AHLON ,3,TOWN,29,fra,TRUE,superadmin,now()
291,KOUGNOHOU,3,TOWN,26,fra,TRUE,superadmin,now()
292,DJON,3,TOWN,26,fra,TRUE,superadmin,now()
293,VEH,3,TOWN,26,fra,TRUE,superadmin,now()
294,GBENDÈ,3,TOWN,26,fra,TRUE,superadmin,now()
295,YALA,3,TOWN,26,fra,TRUE,superadmin,now()
296,KAMINA-AKÉBOU,3,TOWN,26,fra,TRUE,superadmin,now()
297,KPALAVÉ,3,TOWN,26,fra,TRUE,superadmin,now()
298,SÉRÉGBÉNÈ,3,TOWN,26,fra,TRUE,superadmin,now()
299,KPÉLÉ-NOVIVÉ,3,TOWN,32,fra,TRUE,superadmin,now()
300,KPÉLÉ-DAWLOTOU,3,TOWN,32,fra,TRUE,superadmin,now()
301,KPÉLÉ-AKATA,3,TOWN,32,fra,TRUE,superadmin,now()
302,KPÉLÉ-GOVIÉ,3,TOWN,32,fra,TRUE,superadmin,now()
303,KPÉLÉ-NORD,3,TOWN,32,fra,TRUE,superadmin,now()
304,KPÉLÉ-CENTRE,3,TOWN,32,fra,TRUE,superadmin,now()
305,KPÉLÉ-KAMÉ,3,TOWN,32,fra,TRUE,superadmin,now()
306,KPÉLÉ-DUTOÉ,3,TOWN,32,fra,TRUE,superadmin,now()
307,KPÉLÉ-GBALÉDZÉ,3,TOWN,32,fra,TRUE,superadmin,now()
308,KPALIMÉ,3,TOWN,31,fra,TRUE,superadmin,now()
309,HANYIGBA,3,TOWN,31,fra,TRUE,superadmin,now()
310,TOVÉ,3,TOWN,31,fra,TRUE,superadmin,now()
311,KPADAPÉ,3,TOWN,31,fra,TRUE,superadmin,now()
312,TOMÉ,3,TOWN,31,fra,TRUE,superadmin,now()
313,GBALAVÉ,3,TOWN,31,fra,TRUE,superadmin,now()
314,WOMÉ,3,TOWN,31,fra,TRUE,superadmin,now()
315,YOKÉLÉ,3,TOWN,31,fra,TRUE,superadmin,now()
316,LAVIÉ,3,TOWN,31,fra,TRUE,superadmin,now()
317,LAVIÉ-APÉDOMÉ,3,TOWN,31,fra,TRUE,superadmin,now()
318,KPIMÉ,3,TOWN,31,fra,TRUE,superadmin,now()
319,KUMA,3,TOWN,31,fra,TRUE,superadmin,now()
320,AGOMÉ-YOH,3,TOWN,31,fra,TRUE,superadmin,now()
321,AGOMÉ-TOMÉGBÉ,3,TOWN,31,fra,TRUE,superadmin,now()
322,GNAGNA,3,TOWN,34,fra,TRUE,superadmin,now()
323,DJAMA,3,TOWN,34,fra,TRUE,superadmin,now()
324,WOUDOU,3,TOWN,34,fra,TRUE,superadmin,now()
325,DATCHA,3,TOWN,34,fra,TRUE,superadmin,now()
326,AKPARÉ,3,TOWN,34,fra,TRUE,superadmin,now()
327,KATORÉ,3,TOWN,34,fra,TRUE,superadmin,now()
328,GLÉI,3,TOWN,34,fra,TRUE,superadmin,now()
329,OUNTIVOU,3,TOWN,34,fra,TRUE,superadmin,now()
330,OUMA (AMLAMÉ),3,TOWN,27,fra,TRUE,superadmin,now()
331,IMLÈ,3,TOWN,27,fra,TRUE,superadmin,now()
332,ADIVA,3,TOWN,27,fra,TRUE,superadmin,now()
333,AMOU-OBLO,3,TOWN,27,fra,TRUE,superadmin,now()
334,SODO,3,TOWN,27,fra,TRUE,superadmin,now()
335,KPATÉGAN,3,TOWN,27,fra,TRUE,superadmin,now()
336,EKPÉGNON,3,TOWN,27,fra,TRUE,superadmin,now()
337,HIHÉATRO,3,TOWN,27,fra,TRUE,superadmin,now()
338,TÉMÉDJA,3,TOWN,27,fra,TRUE,superadmin,now()
339,OTADI,3,TOWN,27,fra,TRUE,superadmin,now()
340,GAMÉ,3,TOWN,27,fra,TRUE,superadmin,now()
341,OKPAHOÉ,3,TOWN,27,fra,TRUE,superadmin,now()
342,EVOU,3,TOWN,27,fra,TRUE,superadmin,now()
343,AVEDJÉ-ITADJI,3,TOWN,27,fra,TRUE,superadmin,now()
344,BADOU,3,TOWN,35,fra,TRUE,superadmin,now()
345,TOMÉGBÉ,3,TOWN,35,fra,TRUE,superadmin,now()
346,KÉSSIBO,3,TOWN,35,fra,TRUE,superadmin,now()
347,KPÉTÉ-BÉNA,3,TOWN,35,fra,TRUE,superadmin,now()
348,GBADI-N’KOUGNA,3,TOWN,35,fra,TRUE,superadmin,now()
349,EKÉTO,3,TOWN,35,fra,TRUE,superadmin,now()
350,GOBÉ,3,TOWN,35,fra,TRUE,superadmin,now()
351,OKOU,3,TOWN,35,fra,TRUE,superadmin,now()
352,KLABÉ-EFOUKPA,3,TOWN,35,fra,TRUE,superadmin,now()
353,OUNABÉ,3,TOWN,35,fra,TRUE,superadmin,now()
354,DOUMÉ,3,TOWN,35,fra,TRUE,superadmin,now()
355,NOTSÉ,3,TOWN,30,fra,TRUE,superadmin,now()
356,ATSAVÉ,3,TOWN,30,fra,TRUE,superadmin,now()
357,DALIA,3,TOWN,30,fra,TRUE,superadmin,now()
358,ASRAMA,3,TOWN,30,fra,TRUE,superadmin,now()
359,DJÉMÉNI,3,TOWN,30,fra,TRUE,superadmin,now()
360,KPÉDOMÉ,3,TOWN,30,fra,TRUE,superadmin,now()
361,WAHALA,3,TOWN,30,fra,TRUE,superadmin,now()
362,AYITO,3,TOWN,30,fra,TRUE,superadmin,now()
363,KÉVÉ,3,TOWN,37,fra,TRUE,superadmin,now()
364,ZOLO,3,TOWN,37,fra,TRUE,superadmin,now()
365,ANDO,3,TOWN,37,fra,TRUE,superadmin,now()
366,TOVÉGAN,3,TOWN,37,fra,TRUE,superadmin,now()
367,ASAHOUN,3,TOWN,37,fra,TRUE,superadmin,now()
368,NOÉPÉ,3,TOWN,37,fra,TRUE,superadmin,now()
369,BADJA,3,TOWN,37,fra,TRUE,superadmin,now()
370,AKÉPÉ,3,TOWN,37,fra,TRUE,superadmin,now()
371,AFAGNAGAN,3,TOWN,38,fra,TRUE,superadmin,now()
372,KPÉTSOU,3,TOWN,38,fra,TRUE,superadmin,now()
373,AFAGNAN-GBLÉTA,3,TOWN,38,fra,TRUE,superadmin,now()
374,AGOMÉ-GLOUZOU,3,TOWN,38,fra,TRUE,superadmin,now()
375,ATTITONGON,3,TOWN,38,fra,TRUE,superadmin,now()
376,AGBÉTIKO,3,TOWN,38,fra,TRUE,superadmin,now()
377,HOMPOU,3,TOWN,38,fra,TRUE,superadmin,now()
378,TABLIGBO,3,TOWN,42,fra,TRUE,superadmin,now()
379,AMOUSSIMÉ,3,TOWN,42,fra,TRUE,superadmin,now()
380,KOUVÉ,3,TOWN,42,fra,TRUE,superadmin,now()
381,KINI-KONDJI,3,TOWN,42,fra,TRUE,superadmin,now()
382,AHÉPÉ,3,TOWN,42,fra,TRUE,superadmin,now()
383,TCHÉKPO,3,TOWN,42,fra,TRUE,superadmin,now()
384,ZAFI,3,TOWN,42,fra,TRUE,superadmin,now()
385,TOKPLI,3,TOWN,42,fra,TRUE,superadmin,now()
386,GBOTO,3,TOWN,42,fra,TRUE,superadmin,now()
387,TOMÉTY-KONDJI,3,TOWN,42,fra,TRUE,superadmin,now()
388,SÉDOMÉ,3,TOWN,42,fra,TRUE,superadmin,now()
389,ESSÉ-GODJIN,3,TOWN,42,fra,TRUE,superadmin,now()
390,VOGAN,3,TOWN,41,fra,TRUE,superadmin,now()
391,VO-KOUTIMÉ,3,TOWN,41,fra,TRUE,superadmin,now()
392,TOGOVILLE,3,TOWN,41,fra,TRUE,superadmin,now()
393,ANYRONKOPÉ,3,TOWN,41,fra,TRUE,superadmin,now()
394,DZRÉKPO,3,TOWN,41,fra,TRUE,superadmin,now()
395,DAGBATI,3,TOWN,41,fra,TRUE,superadmin,now()
396,MOMÉ,3,TOWN,41,fra,TRUE,superadmin,now()
397,AKOUMAPÉ,3,TOWN,41,fra,TRUE,superadmin,now()
398,SÉVAGAN,3,TOWN,41,fra,TRUE,superadmin,now()
399,HAHOTOÉ,3,TOWN,41,fra,TRUE,superadmin,now()
400,ANÉHO,3,TOWN,40,fra,TRUE,superadmin,now()
401,VILLE ANÉHO,3,TOWN,40,fra,TRUE,superadmin,now()
402,GLIDJI,3,TOWN,40,fra,TRUE,superadmin,now()
403,AKLAKOU,3,TOWN,40,fra,TRUE,superadmin,now()
404,AGOUÉGAN,3,TOWN,40,fra,TRUE,superadmin,now()
405,AGBODRAFO,3,TOWN,40,fra,TRUE,superadmin,now()
406,ANFOIN,3,TOWN,40,fra,TRUE,superadmin,now()
407,GANAVÉ,3,TOWN,40,fra,TRUE,superadmin,now()
408,FIATA,3,TOWN,40,fra,TRUE,superadmin,now()
409,TSÉVIÉ,3,TOWN,43,fra,TRUE,superadmin,now()
410,GBATOPÉ,3,TOWN,43,fra,TRUE,superadmin,now()
411,GBLAINVIÉ,3,TOWN,43,fra,TRUE,superadmin,now()
412,DALAVÉ,3,TOWN,43,fra,TRUE,superadmin,now()
413,DJAGBLÉ,3,TOWN,43,fra,TRUE,superadmin,now()
414,ABOBO,3,TOWN,43,fra,TRUE,superadmin,now()
415,KPOMÉ,3,TOWN,43,fra,TRUE,superadmin,now()
416,DAVIÉ,3,TOWN,43,fra,TRUE,superadmin,now()
417,KOVIÉ,3,TOWN,43,fra,TRUE,superadmin,now()
418,MISSION-TOVÉ,3,TOWN,43,fra,TRUE,superadmin,now()
419,WLI,3,TOWN,43,fra,TRUE,superadmin,now()
420,BOLOU,3,TOWN,43,fra,TRUE,superadmin,now()
421,AGBÉLOUVÉ,3,TOWN,43,fra,TRUE,superadmin,now()
422,GAPÉ-CENTRE,3,TOWN,43,fra,TRUE,superadmin,now()
423,GAPÉ-KPODJI,3,TOWN,43,fra,TRUE,superadmin,now()
424,AGOÉ-NYIVÉ,3,TOWN,36,fra,TRUE,superadmin,now()
425,LÉGBASSITO,3,TOWN,36,fra,TRUE,superadmin,now()
426,VAKPOSSITO,3,TOWN,36,fra,TRUE,superadmin,now()
427,TOGBLÉ,3,TOWN,36,fra,TRUE,superadmin,now()
428,ZANGUÉRA,3,TOWN,36,fra,TRUE,superadmin,now()
429,BÈ-EST ,3,TOWN,39,fra,TRUE,superadmin,now()
430,BÈ-AFÉDOMÉ,3,TOWN,39,fra,TRUE,superadmin,now()
431,BÈ-CENTRE,3,TOWN,39,fra,TRUE,superadmin,now()
432,HÉDZRANAWOÉ,3,TOWN,39,fra,TRUE,superadmin,now()
433,BÈ-OUEST,3,TOWN,39,fra,TRUE,superadmin,now()
434,TOKOIN-GBONVIÉ,3,TOWN,39,fra,TRUE,superadmin,now()
435,DOUMASSÉSSÉ,3,TOWN,39,fra,TRUE,superadmin,now()
436,TOKOIN-KLÉVÉ,3,TOWN,39,fra,TRUE,superadmin,now()
437,TOKOIN-ATCHATI,3,TOWN,39,fra,TRUE,superadmin,now()
438,KÉLÉGOUVI,3,TOWN,39,fra,TRUE,superadmin,now()
439,MASSOUHOUIN,3,TOWN,39,fra,TRUE,superadmin,now()
440,AHANOUKOPÉ-EST,3,TOWN,39,fra,TRUE,superadmin,now()
441,TOKOIN,3,TOWN,39,fra,TRUE,superadmin,now()
442,AMOUTIVÉ ,3,TOWN,39,fra,TRUE,superadmin,now()
443,AFLAO-GAKLI,3,TOWN,39,fra,TRUE,superadmin,now()
444,DZIDZOLÉ,3,TOWN,39,fra,TRUE,superadmin,now()
445,BAGUIDA,3,TOWN,39,fra,TRUE,superadmin,now()
446,AFLAO-SAGBADO,3,TOWN,39,fra,TRUE,superadmin,now()
447,BLITTA-GARE,4,CANTON,229,fra,TRUE,superadmin,now()
448,AGBANDI,4,CANTON,229,fra,TRUE,superadmin,now()
449,ATCHINTSÉ,4,CANTON,229,fra,TRUE,superadmin,now()
450,BLITTA-VILLAGE,4,CANTON,229,fra,TRUE,superadmin,now()
451,DIGUENGUÉ,4,CANTON,229,fra,TRUE,superadmin,now()
452,DIKPÉLÉOU,4,CANTON,229,fra,TRUE,superadmin,now()
453,DOUFOULI,4,CANTON,229,fra,TRUE,superadmin,now()
454,KATCHENKÉ,4,CANTON,229,fra,TRUE,superadmin,now()
455,KOFFITI,4,CANTON,229,fra,TRUE,superadmin,now()
456,LANGABOU,4,CANTON,229,fra,TRUE,superadmin,now()
457,M’POTI,4,CANTON,229,fra,TRUE,superadmin,now()
458,PAGALA-GARE,4,CANTON,229,fra,TRUE,superadmin,now()
459,PAGALA-VILLAGE,4,CANTON,229,fra,TRUE,superadmin,now()
460,TCHALOUDÈ,4,CANTON,229,fra,TRUE,superadmin,now()
461,TCHARÉ-BAOU,4,CANTON,229,fra,TRUE,superadmin,now()
462,TCHIFAMA,4,CANTON,229,fra,TRUE,superadmin,now()
463,TINTCHRO,4,CANTON,229,fra,TRUE,superadmin,now()
464,WARAGNI,4,CANTON,229,fra,TRUE,superadmin,now()
465,WELLY,4,CANTON,229,fra,TRUE,superadmin,now()
466,YALOUMBÉ,4,CANTON,229,fra,TRUE,superadmin,now()
467,YÉGUÉ,4,CANTON,229,fra,TRUE,superadmin,now()
468,SOTOUBOUA,4,CANTON,203,fra,TRUE,superadmin,now()
469,ADJENGRÉ,4,CANTON,203,fra,TRUE,superadmin,now()
470,AOUDA,4,CANTON,203,fra,TRUE,superadmin,now()
471,BODJONDÉ,4,CANTON,203,fra,TRUE,superadmin,now()
472,FAZAO,4,CANTON,203,fra,TRUE,superadmin,now()
473,KANIAMBOUA,4,CANTON,203,fra,TRUE,superadmin,now()
474,KAZABOUA,4,CANTON,203,fra,TRUE,superadmin,now()
475,SASSARO,4,CANTON,203,fra,TRUE,superadmin,now()
476,TABINDÈ,4,CANTON,203,fra,TRUE,superadmin,now()
477,TCHÉBÉBÉ,4,CANTON,203,fra,TRUE,superadmin,now()
478,TITIGBÉ,4,CANTON,203,fra,TRUE,superadmin,now()
479,DJARKPANGA,4,CANTON,214,fra,TRUE,superadmin,now()
480,BOULOHOU,4,CANTON,214,fra,TRUE,superadmin,now()
481,KAGNIGBARA,4,CANTON,214,fra,TRUE,superadmin,now()
482,SAÏBOUDÈ,4,CANTON,214,fra,TRUE,superadmin,now()
483,TINDJASSI,4,CANTON,214,fra,TRUE,superadmin,now()
484,TCHAMBA,4,CANTON,219,fra,TRUE,superadmin,now()
485,ADJÉIDÈ (KRI–KRI),4,CANTON,219,fra,TRUE,superadmin,now()
486,AFFEM,4,CANTON,219,fra,TRUE,superadmin,now()
487,ALIBI,4,CANTON,219,fra,TRUE,superadmin,now()
488,BAGO,4,CANTON,219,fra,TRUE,superadmin,now()
489,BALANKA,4,CANTON,219,fra,TRUE,superadmin,now()
490,GOUBI,4,CANTON,219,fra,TRUE,superadmin,now()
491,KABOLI,4,CANTON,219,fra,TRUE,superadmin,now()
492,KOUSSOUNTOU,4,CANTON,219,fra,TRUE,superadmin,now()
493,LARINI,4,CANTON,219,fra,TRUE,superadmin,now()
494,KOMAH,4,CANTON,190,fra,TRUE,superadmin,now()
495,AGOULOU,4,CANTON,190,fra,TRUE,superadmin,now()
496,ALÉHÉRIDÈ,4,CANTON,190,fra,TRUE,superadmin,now()
497,AMAÏDÈ,4,CANTON,190,fra,TRUE,superadmin,now()
498,KADAMBARA,4,CANTON,190,fra,TRUE,superadmin,now()
499,KÉMÉNI,4,CANTON,190,fra,TRUE,superadmin,now()
500,KOLINA,4,CANTON,190,fra,TRUE,superadmin,now()
501,KPANGALAM,4,CANTON,190,fra,TRUE,superadmin,now()
502,KPARATAO,4,CANTON,190,fra,TRUE,superadmin,now()
503,KPASSOUADÈ,4,CANTON,190,fra,TRUE,superadmin,now()
504,LAMA–TESSI,4,CANTON,190,fra,TRUE,superadmin,now()
505,TCHALO,4,CANTON,190,fra,TRUE,superadmin,now()
506,WASSARABO,4,CANTON,190,fra,TRUE,superadmin,now()
507,BAFILO,4,CANTON,184,fra,TRUE,superadmin,now()
508,ALÉDJO,4,CANTON,184,fra,TRUE,superadmin,now()
509,BOULADÈ,4,CANTON,184,fra,TRUE,superadmin,now()
510,DAKO,4,CANTON,184,fra,TRUE,superadmin,now()
511,KOUMONDÈ,4,CANTON,184,fra,TRUE,superadmin,now()
512,SOUDOU,4,CANTON,184,fra,TRUE,superadmin,now()
513,BASSAR,4,CANTON,124,fra,TRUE,superadmin,now()
514,BAGHAN,4,CANTON,124,fra,TRUE,superadmin,now()
515,BANGÉLI,4,CANTON,124,fra,TRUE,superadmin,now()
516,BITCHABÉ,4,CANTON,124,fra,TRUE,superadmin,now()
517,DIMOURI,4,CANTON,124,fra,TRUE,superadmin,now()
518,KABOU,4,CANTON,124,fra,TRUE,superadmin,now()
519,KALANGA,4,CANTON,124,fra,TRUE,superadmin,now()
520,MANGA,4,CANTON,124,fra,TRUE,superadmin,now()
521,SANDA–AFOWOU,4,CANTON,124,fra,TRUE,superadmin,now()
522,SANDA–KAGBANDA,4,CANTON,124,fra,TRUE,superadmin,now()
523,PAGOUDA,4,CANTON,161,fra,TRUE,superadmin,now()
524,BOUFALÉ,4,CANTON,161,fra,TRUE,superadmin,now()
525,KÉMÉRIDA,4,CANTON,161,fra,TRUE,superadmin,now()
526,KÉTAO,4,CANTON,161,fra,TRUE,superadmin,now()
527,LAMA–DESSI,4,CANTON,161,fra,TRUE,superadmin,now()
528,PESSARÉ,4,CANTON,161,fra,TRUE,superadmin,now()
529,PITIKITA,4,CANTON,161,fra,TRUE,superadmin,now()
530,SIRKA,4,CANTON,161,fra,TRUE,superadmin,now()
531,SOLLA,4,CANTON,161,fra,TRUE,superadmin,now()
532,GUÉRIN–KOUKA,4,CANTON,134,fra,TRUE,superadmin,now()
533,BAPURÉ,4,CANTON,134,fra,TRUE,superadmin,now()
534,KATCHAMBA,4,CANTON,134,fra,TRUE,superadmin,now()
535,KIDJABOUM,4,CANTON,134,fra,TRUE,superadmin,now()
536,KOULFIÈKOU,4,CANTON,134,fra,TRUE,superadmin,now()
537,KOUTCHICHÉOU,4,CANTON,134,fra,TRUE,superadmin,now()
538,NAMON,4,CANTON,134,fra,TRUE,superadmin,now()
539,NAMPOCH,4,CANTON,134,fra,TRUE,superadmin,now()
540,NANDOUTA,4,CANTON,134,fra,TRUE,superadmin,now()
541,NATCHIBORÉ,4,CANTON,134,fra,TRUE,superadmin,now()
542,NATCHITIKPI,4,CANTON,134,fra,TRUE,superadmin,now()
543,NAWARÉ,4,CANTON,134,fra,TRUE,superadmin,now()
544,NIAMTOUGOU,4,CANTON,170,fra,TRUE,superadmin,now()
545,AGBANDÉ–YAKA,4,CANTON,170,fra,TRUE,superadmin,now()
546,ALLOUM,4,CANTON,170,fra,TRUE,superadmin,now()
547,BAGA,4,CANTON,170,fra,TRUE,superadmin,now()
548,DÉFALÉ,4,CANTON,170,fra,TRUE,superadmin,now()
549,KADJALLA,4,CANTON,170,fra,TRUE,superadmin,now()
550,KOKA,4,CANTON,170,fra,TRUE,superadmin,now()
551,KPAHA,4,CANTON,170,fra,TRUE,superadmin,now()
552,LÉON,4,CANTON,170,fra,TRUE,superadmin,now()
553,MASSÉDÉNA,4,CANTON,170,fra,TRUE,superadmin,now()
554,POUDA,4,CANTON,170,fra,TRUE,superadmin,now()
555,SIOU,4,CANTON,170,fra,TRUE,superadmin,now()
556,TCHORÉ,4,CANTON,170,fra,TRUE,superadmin,now()
557,TÉNÉGA,4,CANTON,170,fra,TRUE,superadmin,now()
558,KÉVÉ,4,CANTON,363,fra,TRUE,superadmin,now()
559,AKÉPÉ,4,CANTON,363,fra,TRUE,superadmin,now()
560,ANDO,4,CANTON,363,fra,TRUE,superadmin,now()
561,ASSAHOUN,4,CANTON,363,fra,TRUE,superadmin,now()
562,BADJA,4,CANTON,363,fra,TRUE,superadmin,now()
563,NOÉPÉ,4,CANTON,363,fra,TRUE,superadmin,now()
564,TOVÉGAN,4,CANTON,363,fra,TRUE,superadmin,now()
565,ZOLO,4,CANTON,363,fra,TRUE,superadmin,now()
566,AFAGNAGAN,4,CANTON,371,fra,TRUE,superadmin,now()
567,AFAGNAN–GBLÉTA,4,CANTON,371,fra,TRUE,superadmin,now()
568,AGBÉTIKO,4,CANTON,371,fra,TRUE,superadmin,now()
569,AGOMÉ–GLOUZOU,4,CANTON,371,fra,TRUE,superadmin,now()
570,ATTITOGON,4,CANTON,371,fra,TRUE,superadmin,now()
571,HOMPOU,4,CANTON,371,fra,TRUE,superadmin,now()
572,KPÉTSOU,4,CANTON,371,fra,TRUE,superadmin,now()
573,VILLE OF ANÉHO (ADJIGO),4,CANTON,400,fra,TRUE,superadmin,now()
574,VILLE OF ANÉHO (LAWSON),4,CANTON,400,fra,TRUE,superadmin,now()
575,AGBODRAFO,4,CANTON,400,fra,TRUE,superadmin,now()
576,AGOUÈGAN,4,CANTON,400,fra,TRUE,superadmin,now()
577,AKLAKOU,4,CANTON,400,fra,TRUE,superadmin,now()
578,ANFOIN,4,CANTON,400,fra,TRUE,superadmin,now()
579,FIATA,4,CANTON,400,fra,TRUE,superadmin,now()
580,GANAVÉ,4,CANTON,400,fra,TRUE,superadmin,now()
581,GLIDJI,4,CANTON,400,fra,TRUE,superadmin,now()
582,VOGAN,4,CANTON,390,fra,TRUE,superadmin,now()
583,AKOUMAPÉ,4,CANTON,390,fra,TRUE,superadmin,now()
584,ANYRONKOPÉ,4,CANTON,390,fra,TRUE,superadmin,now()
585,DAGBATI,4,CANTON,390,fra,TRUE,superadmin,now()
586,DZRÉKPO,4,CANTON,390,fra,TRUE,superadmin,now()
587,HAHOTOÉ,4,CANTON,390,fra,TRUE,superadmin,now()
588,MOMÉ–HOUNKPATI,4,CANTON,390,fra,TRUE,superadmin,now()
589,SÉVAGAN,4,CANTON,390,fra,TRUE,superadmin,now()
590,TOGOVILLE,4,CANTON,390,fra,TRUE,superadmin,now()
591,VO–KOUTIMÉ,4,CANTON,390,fra,TRUE,superadmin,now()
592,TABLIGBO,4,CANTON,378,fra,TRUE,superadmin,now()
593,AHÉPÉ,4,CANTON,378,fra,TRUE,superadmin,now()
594,AMOUSSIMÉ,4,CANTON,378,fra,TRUE,superadmin,now()
595,ESSÈ–GODJIN,4,CANTON,378,fra,TRUE,superadmin,now()
596,GBOTO,4,CANTON,378,fra,TRUE,superadmin,now()
597,KINI–KONDJI,4,CANTON,378,fra,TRUE,superadmin,now()
598,KOUVÉ,4,CANTON,378,fra,TRUE,superadmin,now()
599,SÉDOMÉ,4,CANTON,378,fra,TRUE,superadmin,now()
600,TCHÊKPO,4,CANTON,378,fra,TRUE,superadmin,now()
601,TOKPLI,4,CANTON,378,fra,TRUE,superadmin,now()
602,TOMÉTY–KONDJI,4,CANTON,378,fra,TRUE,superadmin,now()
603,ZAFI,4,CANTON,378,fra,TRUE,superadmin,now()
604,KOUGNOHOU (AKÉBOU),4,CANTON,291,fra,TRUE,superadmin,now()
605,DJON,4,CANTON,291,fra,TRUE,superadmin,now()
606,GBENDÉ,4,CANTON,291,fra,TRUE,superadmin,now()
607,KAMINA–AKÉBOU,4,CANTON,291,fra,TRUE,superadmin,now()
608,KPALAVÉ,4,CANTON,291,fra,TRUE,superadmin,now()
609,SÉRÉGBÉNÉ,4,CANTON,291,fra,TRUE,superadmin,now()
610,VÈH,4,CANTON,291,fra,TRUE,superadmin,now()
611,YALLA,4,CANTON,291,fra,TRUE,superadmin,now()
612,ANIÉ,4,CANTON,250,fra,TRUE,superadmin,now()
613,ADOGBÉNOU,4,CANTON,250,fra,TRUE,superadmin,now()
614,ATCHINÈDJI,4,CANTON,250,fra,TRUE,superadmin,now()
615,GLITTO,4,CANTON,250,fra,TRUE,superadmin,now()
616,KOLO–KOPÉ,4,CANTON,250,fra,TRUE,superadmin,now()
617,PALLAKOKO,4,CANTON,250,fra,TRUE,superadmin,now()
618,ELAVAGNON,4,CANTON,256,fra,TRUE,superadmin,now()
619,BADIN–COPÉ,4,CANTON,256,fra,TRUE,superadmin,now()
620,GBADJAHÈ,4,CANTON,256,fra,TRUE,superadmin,now()
621,KAMINA,4,CANTON,256,fra,TRUE,superadmin,now()
622,KPÉSSI,4,CANTON,256,fra,TRUE,superadmin,now()
623,MORÉTAN–IGBÉRIOKO,4,CANTON,256,fra,TRUE,superadmin,now()
624,NYAMASSILA,4,CANTON,256,fra,TRUE,superadmin,now()
625,NOTSÉ,4,CANTON,355,fra,TRUE,superadmin,now()
626,ASSRAMA,4,CANTON,355,fra,TRUE,superadmin,now()
627,ATSAVÉ,4,CANTON,355,fra,TRUE,superadmin,now()
628,AYITO (KPÉGNON–ADJA),4,CANTON,355,fra,TRUE,superadmin,now()
629,DALIA,4,CANTON,355,fra,TRUE,superadmin,now()
630,DJÉMÉNI,4,CANTON,355,fra,TRUE,superadmin,now()
631,KPÉDOMÉ,4,CANTON,355,fra,TRUE,superadmin,now()
632,WAHALA,4,CANTON,355,fra,TRUE,superadmin,now()
633,KPALIMÉ,4,CANTON,308,fra,TRUE,superadmin,now()
634,AGOMÉ–TOMÉGBÉ,4,CANTON,308,fra,TRUE,superadmin,now()
635,AGOMÉ–YOH,4,CANTON,308,fra,TRUE,superadmin,now()
636,GBALAVÉ,4,CANTON,308,fra,TRUE,superadmin,now()
637,HANYIGBA,4,CANTON,308,fra,TRUE,superadmin,now()
638,KPADAPÉ,4,CANTON,308,fra,TRUE,superadmin,now()
639,KPIMÉ,4,CANTON,308,fra,TRUE,superadmin,now()
640,KUMA,4,CANTON,308,fra,TRUE,superadmin,now()
641,LANVIÉ,4,CANTON,308,fra,TRUE,superadmin,now()
642,LAVIÉ–APÉDOMÉ,4,CANTON,308,fra,TRUE,superadmin,now()
643,TOMÉ,4,CANTON,308,fra,TRUE,superadmin,now()
644,TOVÉ,4,CANTON,308,fra,TRUE,superadmin,now()
645,WOAMÉ,4,CANTON,308,fra,TRUE,superadmin,now()
646,YOKÉLÉ,4,CANTON,308,fra,TRUE,superadmin,now()
647,TOHOUN,4,CANTON,263,fra,TRUE,superadmin,now()
648,AHASSOMÉ,4,CANTON,263,fra,TRUE,superadmin,now()
649,KATOMÉ,4,CANTON,263,fra,TRUE,superadmin,now()
650,KPÉKPLÉMÉ,4,CANTON,263,fra,TRUE,superadmin,now()
651,SALIGBÈ,4,CANTON,263,fra,TRUE,superadmin,now()
652,TADO,4,CANTON,263,fra,TRUE,superadmin,now()
653,BADOU,4,CANTON,344,fra,TRUE,superadmin,now()
654,DOUMÉ,4,CANTON,344,fra,TRUE,superadmin,now()
655,EKÉTO,4,CANTON,344,fra,TRUE,superadmin,now()
656,GBADI–N’KUGNA,4,CANTON,344,fra,TRUE,superadmin,now()
657,GOBÉ,4,CANTON,344,fra,TRUE,superadmin,now()
658,KÉSSIBO,4,CANTON,344,fra,TRUE,superadmin,now()
659,KLABÈ–EFOUKPA,4,CANTON,344,fra,TRUE,superadmin,now()
660,KPÉTÉ–BENA,4,CANTON,344,fra,TRUE,superadmin,now()
661,OKOU,4,CANTON,344,fra,TRUE,superadmin,now()
662,OUNABÉ,4,CANTON,344,fra,TRUE,superadmin,now()
663,TOMÉGBÉ,4,CANTON,344,fra,TRUE,superadmin,now()
664,CINKASSÉ,4,CANTON,45,fra,TRUE,superadmin,now()
665,BIANKOURI,4,CANTON,45,fra,TRUE,superadmin,now()
666,BOADÉ,4,CANTON,45,fra,TRUE,superadmin,now()
667,GOULOUNGOUSSI,4,CANTON,45,fra,TRUE,superadmin,now()
668,NADJOUNDI,4,CANTON,45,fra,TRUE,superadmin,now()
669,NOAGA,4,CANTON,45,fra,TRUE,superadmin,now()
670,SAMNABA,4,CANTON,45,fra,TRUE,superadmin,now()
671,TIMBOU,4,CANTON,45,fra,TRUE,superadmin,now()
672,MANDOURI,4,CANTON,71,fra,TRUE,superadmin,now()
673,BORGOU,4,CANTON,71,fra,TRUE,superadmin,now()
674,KOUNDJOARÉ,4,CANTON,71,fra,TRUE,superadmin,now()
675,NAKI–EST,4,CANTON,71,fra,TRUE,superadmin,now()
676,NAMONDJOGA,4,CANTON,71,fra,TRUE,superadmin,now()
677,NAYÉGA,4,CANTON,71,fra,TRUE,superadmin,now()
678,OGARO,4,CANTON,71,fra,TRUE,superadmin,now()
679,PAPRI,4,CANTON,71,fra,TRUE,superadmin,now()
680,POGNO,4,CANTON,71,fra,TRUE,superadmin,now()
681,TAMBIGOU,4,CANTON,71,fra,TRUE,superadmin,now()
682,TAMBONGA,4,CANTON,71,fra,TRUE,superadmin,now()
683,DAPAONG,4,CANTON,53,fra,TRUE,superadmin,now()
684,BIDJENGA,4,CANTON,53,fra,TRUE,superadmin,now()
685,KANTINDI,4,CANTON,53,fra,TRUE,superadmin,now()
686,KORBONGOU,4,CANTON,53,fra,TRUE,superadmin,now()
687,KOURIENTRÉ,4,CANTON,53,fra,TRUE,superadmin,now()
688,LOTOGOU,4,CANTON,53,fra,TRUE,superadmin,now()
689,LOUANGA,4,CANTON,53,fra,TRUE,superadmin,now()
690,NAKI–OUEST,4,CANTON,53,fra,TRUE,superadmin,now()
691,NAMARÉ,4,CANTON,53,fra,TRUE,superadmin,now()
692,NANERGOU,4,CANTON,53,fra,TRUE,superadmin,now()
693,NATIGOU,4,CANTON,53,fra,TRUE,superadmin,now()
694,NIOUKPOURMA,4,CANTON,53,fra,TRUE,superadmin,now()
695,PANA,4,CANTON,53,fra,TRUE,superadmin,now()
696,POISSONGUI,4,CANTON,53,fra,TRUE,superadmin,now()
697,SANFATOUTE,4,CANTON,53,fra,TRUE,superadmin,now()
698,TAMI,4,CANTON,53,fra,TRUE,superadmin,now()
699,TOAGA,4,CANTON,53,fra,TRUE,superadmin,now()
700,WARKAMBOU,4,CANTON,53,fra,TRUE,superadmin,now()
701,PLACE_SAID_1,5,PLACE_SAID,447,fra,TRUE,superadmin,now()
702,PLACE_SAID_2,5,PLACE_SAID,448,fra,TRUE,superadmin,now()
703,PLACE_SAID_3,5,PLACE_SAID,449,fra,TRUE,superadmin,now()
704,PLACE_SAID_4,5,PLACE_SAID,450,fra,TRUE,superadmin,now()
705,PLACE_SAID_5,5,PLACE_SAID,451,fra,TRUE,superadmin,now()
706,PLACE_SAID_6,5,PLACE_SAID,452,fra,TRUE,superadmin,now()
707,PLACE_SAID_7,5,PLACE_SAID,453,fra,TRUE,superadmin,now()
708,PLACE_SAID_8,5,PLACE_SAID,454,fra,TRUE,superadmin,now()
709,PLACE_SAID_9,5,PLACE_SAID,455,fra,TRUE,superadmin,now()
710,PLACE_SAID_10,5,PLACE_SAID,456,fra,TRUE,superadmin,now()
711,PLACE_SAID_11,5,PLACE_SAID,457,fra,TRUE,superadmin,now()
712,PLACE_SAID_12,5,PLACE_SAID,458,fra,TRUE,superadmin,now()
713,PLACE_SAID_13,5,PLACE_SAID,459,fra,TRUE,superadmin,now()
714,PLACE_SAID_14,5,PLACE_SAID,460,fra,TRUE,superadmin,now()
715,PLACE_SAID_15,5,PLACE_SAID,461,fra,TRUE,superadmin,now()
716,PLACE_SAID_16,5,PLACE_SAID,462,fra,TRUE,superadmin,now()
717,PLACE_SAID_17,5,PLACE_SAID,463,fra,TRUE,superadmin,now()
718,PLACE_SAID_18,5,PLACE_SAID,464,fra,TRUE,superadmin,now()
719,PLACE_SAID_19,5,PLACE_SAID,465,fra,TRUE,superadmin,now()
720,PLACE_SAID_20,5,PLACE_SAID,466,fra,TRUE,superadmin,now()
721,PLACE_SAID_21,5,PLACE_SAID,467,fra,TRUE,superadmin,now()
722,PLACE_SAID_22,5,PLACE_SAID,468,fra,TRUE,superadmin,now()
723,PLACE_SAID_23,5,PLACE_SAID,469,fra,TRUE,superadmin,now()
724,PLACE_SAID_24,5,PLACE_SAID,470,fra,TRUE,superadmin,now()
725,PLACE_SAID_25,5,PLACE_SAID,471,fra,TRUE,superadmin,now()
726,PLACE_SAID_26,5,PLACE_SAID,472,fra,TRUE,superadmin,now()
727,PLACE_SAID_27,5,PLACE_SAID,473,fra,TRUE,superadmin,now()
728,PLACE_SAID_28,5,PLACE_SAID,474,fra,TRUE,superadmin,now()
729,PLACE_SAID_29,5,PLACE_SAID,475,fra,TRUE,superadmin,now()
730,PLACE_SAID_30,5,PLACE_SAID,476,fra,TRUE,superadmin,now()
731,PLACE_SAID_31,5,PLACE_SAID,477,fra,TRUE,superadmin,now()
732,PLACE_SAID_32,5,PLACE_SAID,478,fra,TRUE,superadmin,now()
733,PLACE_SAID_33,5,PLACE_SAID,479,fra,TRUE,superadmin,now()
734,PLACE_SAID_34,5,PLACE_SAID,480,fra,TRUE,superadmin,now()
735,PLACE_SAID_35,5,PLACE_SAID,481,fra,TRUE,superadmin,now()
736,PLACE_SAID_36,5,PLACE_SAID,482,fra,TRUE,superadmin,now()
737,PLACE_SAID_37,5,PLACE_SAID,483,fra,TRUE,superadmin,now()
738,PLACE_SAID_38,5,PLACE_SAID,484,fra,TRUE,superadmin,now()
739,PLACE_SAID_39,5,PLACE_SAID,485,fra,TRUE,superadmin,now()
740,PLACE_SAID_40,5,PLACE_SAID,486,fra,TRUE,superadmin,now()
741,PLACE_SAID_41,5,PLACE_SAID,487,fra,TRUE,superadmin,now()
742,PLACE_SAID_42,5,PLACE_SAID,488,fra,TRUE,superadmin,now()
743,PLACE_SAID_43,5,PLACE_SAID,489,fra,TRUE,superadmin,now()
744,PLACE_SAID_44,5,PLACE_SAID,490,fra,TRUE,superadmin,now()
745,PLACE_SAID_45,5,PLACE_SAID,491,fra,TRUE,superadmin,now()
746,PLACE_SAID_46,5,PLACE_SAID,492,fra,TRUE,superadmin,now()
747,PLACE_SAID_47,5,PLACE_SAID,493,fra,TRUE,superadmin,now()
748,PLACE_SAID_48,5,PLACE_SAID,494,fra,TRUE,superadmin,now()
749,PLACE_SAID_49,5,PLACE_SAID,495,fra,TRUE,superadmin,now()
750,PLACE_SAID_50,5,PLACE_SAID,496,fra,TRUE,superadmin,now()
751,PLACE_SAID_51,5,PLACE_SAID,497,fra,TRUE,superadmin,now()
752,PLACE_SAID_52,5,PLACE_SAID,498,fra,TRUE,superadmin,now()
753,PLACE_SAID_53,5,PLACE_SAID,499,fra,TRUE,superadmin,now()
754,PLACE_SAID_54,5,PLACE_SAID,500,fra,TRUE,superadmin,now()
755,PLACE_SAID_55,5,PLACE_SAID,501,fra,TRUE,superadmin,now()
756,PLACE_SAID_56,5,PLACE_SAID,502,fra,TRUE,superadmin,now()
757,PLACE_SAID_57,5,PLACE_SAID,503,fra,TRUE,superadmin,now()
758,PLACE_SAID_58,5,PLACE_SAID,504,fra,TRUE,superadmin,now()
759,PLACE_SAID_59,5,PLACE_SAID,505,fra,TRUE,superadmin,now()
760,PLACE_SAID_60,5,PLACE_SAID,506,fra,TRUE,superadmin,now()
761,PLACE_SAID_61,5,PLACE_SAID,507,fra,TRUE,superadmin,now()
762,PLACE_SAID_62,5,PLACE_SAID,508,fra,TRUE,superadmin,now()
763,PLACE_SAID_63,5,PLACE_SAID,509,fra,TRUE,superadmin,now()
764,PLACE_SAID_64,5,PLACE_SAID,510,fra,TRUE,superadmin,now()
765,PLACE_SAID_65,5,PLACE_SAID,511,fra,TRUE,superadmin,now()
766,PLACE_SAID_66,5,PLACE_SAID,512,fra,TRUE,superadmin,now()
767,PLACE_SAID_67,5,PLACE_SAID,513,fra,TRUE,superadmin,now()
768,PLACE_SAID_68,5,PLACE_SAID,514,fra,TRUE,superadmin,now()
769,PLACE_SAID_69,5,PLACE_SAID,515,fra,TRUE,superadmin,now()
770,PLACE_SAID_70,5,PLACE_SAID,516,fra,TRUE,superadmin,now()
771,PLACE_SAID_71,5,PLACE_SAID,517,fra,TRUE,superadmin,now()
772,PLACE_SAID_72,5,PLACE_SAID,518,fra,TRUE,superadmin,now()
773,PLACE_SAID_73,5,PLACE_SAID,519,fra,TRUE,superadmin,now()
774,PLACE_SAID_74,5,PLACE_SAID,520,fra,TRUE,superadmin,now()
775,PLACE_SAID_75,5,PLACE_SAID,521,fra,TRUE,superadmin,now()
776,PLACE_SAID_76,5,PLACE_SAID,522,fra,TRUE,superadmin,now()
777,PLACE_SAID_77,5,PLACE_SAID,523,fra,TRUE,superadmin,now()
778,PLACE_SAID_78,5,PLACE_SAID,524,fra,TRUE,superadmin,now()
779,PLACE_SAID_79,5,PLACE_SAID,525,fra,TRUE,superadmin,now()
780,PLACE_SAID_80,5,PLACE_SAID,526,fra,TRUE,superadmin,now()
781,PLACE_SAID_81,5,PLACE_SAID,527,fra,TRUE,superadmin,now()
782,PLACE_SAID_82,5,PLACE_SAID,528,fra,TRUE,superadmin,now()
783,PLACE_SAID_83,5,PLACE_SAID,529,fra,TRUE,superadmin,now()
784,PLACE_SAID_84,5,PLACE_SAID,530,fra,TRUE,superadmin,now()
785,PLACE_SAID_85,5,PLACE_SAID,531,fra,TRUE,superadmin,now()
786,PLACE_SAID_86,5,PLACE_SAID,532,fra,TRUE,superadmin,now()
787,PLACE_SAID_87,5,PLACE_SAID,533,fra,TRUE,superadmin,now()
788,PLACE_SAID_88,5,PLACE_SAID,534,fra,TRUE,superadmin,now()
789,PLACE_SAID_89,5,PLACE_SAID,535,fra,TRUE,superadmin,now()
790,PLACE_SAID_90,5,PLACE_SAID,536,fra,TRUE,superadmin,now()
791,PLACE_SAID_91,5,PLACE_SAID,537,fra,TRUE,superadmin,now()
792,PLACE_SAID_92,5,PLACE_SAID,538,fra,TRUE,superadmin,now()
793,PLACE_SAID_93,5,PLACE_SAID,539,fra,TRUE,superadmin,now()
794,PLACE_SAID_94,5,PLACE_SAID,540,fra,TRUE,superadmin,now()
795,PLACE_SAID_95,5,PLACE_SAID,541,fra,TRUE,superadmin,now()
796,PLACE_SAID_96,5,PLACE_SAID,542,fra,TRUE,superadmin,now()
797,PLACE_SAID_97,5,PLACE_SAID,543,fra,TRUE,superadmin,now()
798,PLACE_SAID_98,5,PLACE_SAID,544,fra,TRUE,superadmin,now()
799,PLACE_SAID_99,5,PLACE_SAID,545,fra,TRUE,superadmin,now()
800,PLACE_SAID_100,5,PLACE_SAID,546,fra,TRUE,superadmin,now()
801,PLACE_SAID_101,5,PLACE_SAID,547,fra,TRUE,superadmin,now()
802,PLACE_SAID_102,5,PLACE_SAID,548,fra,TRUE,superadmin,now()
803,PLACE_SAID_103,5,PLACE_SAID,549,fra,TRUE,superadmin,now()
804,PLACE_SAID_104,5,PLACE_SAID,550,fra,TRUE,superadmin,now()
805,PLACE_SAID_105,5,PLACE_SAID,551,fra,TRUE,superadmin,now()
806,PLACE_SAID_106,5,PLACE_SAID,552,fra,TRUE,superadmin,now()
807,PLACE_SAID_107,5,PLACE_SAID,553,fra,TRUE,superadmin,now()
808,PLACE_SAID_108,5,PLACE_SAID,554,fra,TRUE,superadmin,now()
809,PLACE_SAID_109,5,PLACE_SAID,555,fra,TRUE,superadmin,now()
810,PLACE_SAID_110,5,PLACE_SAID,556,fra,TRUE,superadmin,now()
811,PLACE_SAID_111,5,PLACE_SAID,557,fra,TRUE,superadmin,now()
812,PLACE_SAID_112,5,PLACE_SAID,558,fra,TRUE,superadmin,now()
813,PLACE_SAID_113,5,PLACE_SAID,559,fra,TRUE,superadmin,now()
814,PLACE_SAID_114,5,PLACE_SAID,560,fra,TRUE,superadmin,now()
815,PLACE_SAID_115,5,PLACE_SAID,561,fra,TRUE,superadmin,now()
816,PLACE_SAID_116,5,PLACE_SAID,562,fra,TRUE,superadmin,now()
817,PLACE_SAID_117,5,PLACE_SAID,563,fra,TRUE,superadmin,now()
818,PLACE_SAID_118,5,PLACE_SAID,564,fra,TRUE,superadmin,now()
819,PLACE_SAID_119,5,PLACE_SAID,565,fra,TRUE,superadmin,now()
820,PLACE_SAID_120,5,PLACE_SAID,566,fra,TRUE,superadmin,now()
821,PLACE_SAID_121,5,PLACE_SAID,567,fra,TRUE,superadmin,now()
822,PLACE_SAID_122,5,PLACE_SAID,568,fra,TRUE,superadmin,now()
823,PLACE_SAID_123,5,PLACE_SAID,569,fra,TRUE,superadmin,now()
824,PLACE_SAID_124,5,PLACE_SAID,570,fra,TRUE,superadmin,now()
825,PLACE_SAID_125,5,PLACE_SAID,571,fra,TRUE,superadmin,now()
826,PLACE_SAID_126,5,PLACE_SAID,572,fra,TRUE,superadmin,now()
827,PLACE_SAID_127,5,PLACE_SAID,573,fra,TRUE,superadmin,now()
828,PLACE_SAID_128,5,PLACE_SAID,574,fra,TRUE,superadmin,now()
829,PLACE_SAID_129,5,PLACE_SAID,575,fra,TRUE,superadmin,now()
830,PLACE_SAID_130,5,PLACE_SAID,576,fra,TRUE,superadmin,now()
831,PLACE_SAID_131,5,PLACE_SAID,577,fra,TRUE,superadmin,now()
832,PLACE_SAID_132,5,PLACE_SAID,578,fra,TRUE,superadmin,now()
833,PLACE_SAID_133,5,PLACE_SAID,579,fra,TRUE,superadmin,now()
834,PLACE_SAID_134,5,PLACE_SAID,580,fra,TRUE,superadmin,now()
835,PLACE_SAID_135,5,PLACE_SAID,581,fra,TRUE,superadmin,now()
836,PLACE_SAID_136,5,PLACE_SAID,582,fra,TRUE,superadmin,now()
837,PLACE_SAID_137,5,PLACE_SAID,583,fra,TRUE,superadmin,now()
838,PLACE_SAID_138,5,PLACE_SAID,584,fra,TRUE,superadmin,now()
839,PLACE_SAID_139,5,PLACE_SAID,585,fra,TRUE,superadmin,now()
840,PLACE_SAID_140,5,PLACE_SAID,586,fra,TRUE,superadmin,now()
841,PLACE_SAID_141,5,PLACE_SAID,587,fra,TRUE,superadmin,now()
842,PLACE_SAID_142,5,PLACE_SAID,588,fra,TRUE,superadmin,now()
843,PLACE_SAID_143,5,PLACE_SAID,589,fra,TRUE,superadmin,now()
844,PLACE_SAID_144,5,PLACE_SAID,590,fra,TRUE,superadmin,now()
845,PLACE_SAID_145,5,PLACE_SAID,591,fra,TRUE,superadmin,now()
846,PLACE_SAID_146,5,PLACE_SAID,592,fra,TRUE,superadmin,now()
847,PLACE_SAID_147,5,PLACE_SAID,593,fra,TRUE,superadmin,now()
848,PLACE_SAID_148,5,PLACE_SAID,594,fra,TRUE,superadmin,now()
849,PLACE_SAID_149,5,PLACE_SAID,595,fra,TRUE,superadmin,now()
850,PLACE_SAID_150,5,PLACE_SAID,596,fra,TRUE,superadmin,now()
851,PLACE_SAID_151,5,PLACE_SAID,597,fra,TRUE,superadmin,now()
852,PLACE_SAID_152,5,PLACE_SAID,598,fra,TRUE,superadmin,now()
853,PLACE_SAID_153,5,PLACE_SAID,599,fra,TRUE,superadmin,now()
854,PLACE_SAID_154,5,PLACE_SAID,600,fra,TRUE,superadmin,now()
855,PLACE_SAID_155,5,PLACE_SAID,601,fra,TRUE,superadmin,now()
856,PLACE_SAID_156,5,PLACE_SAID,602,fra,TRUE,superadmin,now()
857,PLACE_SAID_157,5,PLACE_SAID,603,fra,TRUE,superadmin,now()
858,PLACE_SAID_158,5,PLACE_SAID,604,fra,TRUE,superadmin,now()
859,PLACE_SAID_159,5,PLACE_SAID,605,fra,TRUE,superadmin,now()
860,PLACE_SAID_160,5,PLACE_SAID,606,fra,TRUE,superadmin,now()
861,PLACE_SAID_161,5,PLACE_SAID,607,fra,TRUE,superadmin,now()
862,PLACE_SAID_162,5,PLACE_SAID,608,fra,TRUE,superadmin,now()
863,PLACE_SAID_163,5,PLACE_SAID,609,fra,TRUE,superadmin,now()
864,PLACE_SAID_164,5,PLACE_SAID,610,fra,TRUE,superadmin,now()
865,PLACE_SAID_165,5,PLACE_SAID,611,fra,TRUE,superadmin,now()
866,PLACE_SAID_166,5,PLACE_SAID,612,fra,TRUE,superadmin,now()
867,PLACE_SAID_167,5,PLACE_SAID,613,fra,TRUE,superadmin,now()
868,PLACE_SAID_168,5,PLACE_SAID,614,fra,TRUE,superadmin,now()
869,PLACE_SAID_169,5,PLACE_SAID,615,fra,TRUE,superadmin,now()
870,PLACE_SAID_170,5,PLACE_SAID,616,fra,TRUE,superadmin,now()
871,PLACE_SAID_171,5,PLACE_SAID,617,fra,TRUE,superadmin,now()
872,PLACE_SAID_172,5,PLACE_SAID,618,fra,TRUE,superadmin,now()
873,PLACE_SAID_173,5,PLACE_SAID,619,fra,TRUE,superadmin,now()
874,PLACE_SAID_174,5,PLACE_SAID,620,fra,TRUE,superadmin,now()
875,PLACE_SAID_175,5,PLACE_SAID,621,fra,TRUE,superadmin,now()
876,PLACE_SAID_176,5,PLACE_SAID,622,fra,TRUE,superadmin,now()
877,PLACE_SAID_177,5,PLACE_SAID,623,fra,TRUE,superadmin,now()
878,PLACE_SAID_178,5,PLACE_SAID,624,fra,TRUE,superadmin,now()
879,PLACE_SAID_179,5,PLACE_SAID,625,fra,TRUE,superadmin,now()
880,PLACE_SAID_180,5,PLACE_SAID,626,fra,TRUE,superadmin,now()
881,PLACE_SAID_181,5,PLACE_SAID,627,fra,TRUE,superadmin,now()
882,PLACE_SAID_182,5,PLACE_SAID,628,fra,TRUE,superadmin,now()
883,PLACE_SAID_183,5,PLACE_SAID,629,fra,TRUE,superadmin,now()
884,PLACE_SAID_184,5,PLACE_SAID,630,fra,TRUE,superadmin,now()
885,PLACE_SAID_185,5,PLACE_SAID,631,fra,TRUE,superadmin,now()
886,PLACE_SAID_186,5,PLACE_SAID,632,fra,TRUE,superadmin,now()
887,PLACE_SAID_187,5,PLACE_SAID,633,fra,TRUE,superadmin,now()
888,PLACE_SAID_188,5,PLACE_SAID,634,fra,TRUE,superadmin,now()
889,PLACE_SAID_189,5,PLACE_SAID,635,fra,TRUE,superadmin,now()
890,PLACE_SAID_190,5,PLACE_SAID,636,fra,TRUE,superadmin,now()
891,PLACE_SAID_191,5,PLACE_SAID,637,fra,TRUE,superadmin,now()
892,PLACE_SAID_192,5,PLACE_SAID,638,fra,TRUE,superadmin,now()
893,PLACE_SAID_193,5,PLACE_SAID,639,fra,TRUE,superadmin,now()
894,PLACE_SAID_194,5,PLACE_SAID,640,fra,TRUE,superadmin,now()
895,PLACE_SAID_195,5,PLACE_SAID,641,fra,TRUE,superadmin,now()
896,PLACE_SAID_196,5,PLACE_SAID,642,fra,TRUE,superadmin,now()
897,PLACE_SAID_197,5,PLACE_SAID,643,fra,TRUE,superadmin,now()
898,PLACE_SAID_198,5,PLACE_SAID,644,fra,TRUE,superadmin,now()
899,PLACE_SAID_199,5,PLACE_SAID,645,fra,TRUE,superadmin,now()
900,PLACE_SAID_200,5,PLACE_SAID,646,fra,TRUE,superadmin,now()
901,PLACE_SAID_201,5,PLACE_SAID,647,fra,TRUE,superadmin,now()
902,PLACE_SAID_202,5,PLACE_SAID,648,fra,TRUE,superadmin,now()
903,PLACE_SAID_203,5,PLACE_SAID,649,fra,TRUE,superadmin,now()
904,PLACE_SAID_204,5,PLACE_SAID,650,fra,TRUE,superadmin,now()
905,PLACE_SAID_205,5,PLACE_SAID,651,fra,TRUE,superadmin,now()
906,PLACE_SAID_206,5,PLACE_SAID,652,fra,TRUE,superadmin,now()
907,PLACE_SAID_207,5,PLACE_SAID,653,fra,TRUE,superadmin,now()
908,PLACE_SAID_208,5,PLACE_SAID,654,fra,TRUE,superadmin,now()
909,PLACE_SAID_209,5,PLACE_SAID,655,fra,TRUE,superadmin,now()
910,PLACE_SAID_210,5,PLACE_SAID,656,fra,TRUE,superadmin,now()
911,PLACE_SAID_211,5,PLACE_SAID,657,fra,TRUE,superadmin,now()
912,PLACE_SAID_212,5,PLACE_SAID,658,fra,TRUE,superadmin,now()
913,PLACE_SAID_213,5,PLACE_SAID,659,fra,TRUE,superadmin,now()
914,PLACE_SAID_214,5,PLACE_SAID,660,fra,TRUE,superadmin,now()
915,PLACE_SAID_215,5,PLACE_SAID,661,fra,TRUE,superadmin,now()
916,PLACE_SAID_216,5,PLACE_SAID,662,fra,TRUE,superadmin,now()
917,PLACE_SAID_217,5,PLACE_SAID,663,fra,TRUE,superadmin,now()
918,PLACE_SAID_218,5,PLACE_SAID,664,fra,TRUE,superadmin,now()
919,PLACE_SAID_219,5,PLACE_SAID,665,fra,TRUE,superadmin,now()
920,PLACE_SAID_220,5,PLACE_SAID,666,fra,TRUE,superadmin,now()
921,PLACE_SAID_221,5,PLACE_SAID,667,fra,TRUE,superadmin,now()
922,PLACE_SAID_222,5,PLACE_SAID,668,fra,TRUE,superadmin,now()
923,PLACE_SAID_223,5,PLACE_SAID,669,fra,TRUE,superadmin,now()
924,PLACE_SAID_224,5,PLACE_SAID,670,fra,TRUE,superadmin,now()
925,PLACE_SAID_225,5,PLACE_SAID,671,fra,TRUE,superadmin,now()
926,PLACE_SAID_226,5,PLACE_SAID,672,fra,TRUE,superadmin,now()
927,PLACE_SAID_227,5,PLACE_SAID,673,fra,TRUE,superadmin,now()
928,PLACE_SAID_228,5,PLACE_SAID,674,fra,TRUE,superadmin,now()
929,PLACE_SAID_229,5,PLACE_SAID,675,fra,TRUE,superadmin,now()
930,PLACE_SAID_230,5,PLACE_SAID,676,fra,TRUE,superadmin,now()
931,PLACE_SAID_231,5,PLACE_SAID,677,fra,TRUE,superadmin,now()
932,PLACE_SAID_232,5,PLACE_SAID,678,fra,TRUE,superadmin,now()
933,PLACE_SAID_233,5,PLACE_SAID,679,fra,TRUE,superadmin,now()
934,PLACE_SAID_234,5,PLACE_SAID,680,fra,TRUE,superadmin,now()
935,PLACE_SAID_235,5,PLACE_SAID,681,fra,TRUE,superadmin,now()
936,PLACE_SAID_236,5,PLACE_SAID,682,fra,TRUE,superadmin,now()
937,PLACE_SAID_237,5,PLACE_SAID,683,fra,TRUE,superadmin,now()
938,PLACE_SAID_238,5,PLACE_SAID,684,fra,TRUE,superadmin,now()
939,PLACE_SAID_239,5,PLACE_SAID,685,fra,TRUE,superadmin,now()
940,PLACE_SAID_240,5,PLACE_SAID,686,fra,TRUE,superadmin,now()
941,PLACE_SAID_241,5,PLACE_SAID,687,fra,TRUE,superadmin,now()
942,PLACE_SAID_242,5,PLACE_SAID,688,fra,TRUE,superadmin,now()
943,PLACE_SAID_243,5,PLACE_SAID,689,fra,TRUE,superadmin,now()
944,PLACE_SAID_244,5,PLACE_SAID,690,fra,TRUE,superadmin,now()
945,PLACE_SAID_245,5,PLACE_SAID,691,fra,TRUE,superadmin,now()
946,PLACE_SAID_246,5,PLACE_SAID,692,fra,TRUE,superadmin,now()
947,PLACE_SAID_247,5,PLACE_SAID,693,fra,TRUE,superadmin,now()
948,PLACE_SAID_248,5,PLACE_SAID,694,fra,TRUE,superadmin,now()
949,PLACE_SAID_249,5,PLACE_SAID,695,fra,TRUE,superadmin,now()
950,PLACE_SAID_250,5,PLACE_SAID,696,fra,TRUE,superadmin,now()
951,PLACE_SAID_251,5,PLACE_SAID,697,fra,TRUE,superadmin,now()
952,PLACE_SAID_252,5,PLACE_SAID,698,fra,TRUE,superadmin,now()
953,PLACE_SAID_253,5,PLACE_SAID,699,fra,TRUE,superadmin,now()
954,PLACE_SAID_254,5,PLACE_SAID,700,fra,TRUE,superadmin,now()


